price,bid1_vol,bid2_vol,bid3_vol,bid4_vol,bid5_vol,ask1_vol,ask2_vol,ask3_vol,ask4_vol,ask5_vol,label
1.08192,4.659,2.595,2.785,3.143,1.331,2.804,3.334,4.068,0.924,1.865,1
1.08195,0.908,4.143,3.62,0.688,4.92,4.841,3.443,3.27,1.209,0.568,1
1.08192,1.356,1.589,0.635,2.588,2.482,4.291,2.836,3.381,2.749,3.481,1
1.08192,2.558,1.752,4.989,4.981,4.281,3.685,1.919,1.533,1.801,0.816,1
1.08193,4.31,2.239,4.811,4.313,0.502,1.444,4.596,2.615,4.912,2.288,1
1.08186,0.829,3.333,4.003,1.714,0.892,1.997,4.838,3.911,1.031,1.609,1
1.08188,4.087,1.3,3.017,2.513,1.358,3.794,1.089,3.397,1.024,2.393,1
1.08189,1.458,1.714,4.869,4.115,1.869,4.482,1.448,2.274,4.345,3.388,1
1.08205,1.46,1.662,3.977,1.98,1.833,0.83,0.906,3.122,1.594,3.206,1
1.08217,2.173,2.539,4.816,2.677,3.086,4.399,1.323,1.194,4.588,4.18,0
1.08217,3.827,4.732,1.385,4.776,4.47,3.216,2.397,0.967,0.674,4.832,0
1.08221,1.573,3.671,1.656,4.207,3.184,1.82,1.289,3.742,0.809,1.528,0
1.08209,3.264,1.761,4.628,1.418,0.575,1.711,2.506,0.772,1.293,2.16,1
1.08204,3.075,1.092,2.13,4.509,4.912,3.456,3.61,3.13,1.132,0.658,1
1.08218,3.654,4.832,0.596,3.363,2.67,3.787,1.935,4.997,0.839,2.957,0
1.0822,3.817,4.551,3.817,3.667,4.07,4.618,2.083,3.583,4.554,4.42,0
1.0821,4.386,3.078,3.312,2.221,3.122,3.24,0.861,3.377,4.97,4.459,0
1.08216,3.777,2.248,3.808,3.114,2.482,4.273,0.877,3.876,0.634,3.206,0
1.08211,3.643,2.738,3.265,4.642,1.651,0.551,1.855,3.552,1.412,1.263,0
1.08212,4.576,3.47,2.489,4.513,1.971,3.497,1.393,2.439,4.127,4.614,0
1.08216,3.124,1.924,1.113,2.734,4.267,4.319,3.7,4.775,1.746,1.261,0
1.08212,2.528,1.738,1.463,2.363,3.316,2.722,1.919,4.276,4.919,2.536,0
1.08213,4.428,0.687,3.689,3.068,1.891,4.062,0.586,1.111,2.547,0.611,0
1.08214,4.234,1.568,1.134,0.711,3.331,2.509,3.335,3.448,4.133,4.813,0
1.08212,2.638,1.304,0.548,2.625,3.714,1.306,1.726,2.056,3.638,2.842,0
1.08209,3.265,3.903,2.271,4.064,4.578,0.892,4.697,3.751,1.085,2.541,0
1.08198,2.196,3.06,4.457,4.085,4.749,2.587,3.431,1.422,3.749,4.183,0
1.08188,3.387,3.729,1.46,4.55,4.912,4.898,2.916,4.059,1.942,4.595,1
1.08192,0.872,2.484,2.976,3.957,2.694,0.628,4.141,0.788,4.099,1.278,1
1.08187,2.008,4.046,1.132,1.169,2.824,3.756,4.28,3.602,4.756,2.717,1
1.0819,1.496,2.87,1.806,3.78,3.375,2.853,4.296,3.02,1.903,2.215,0
1.08189,4.304,4.552,1.437,4.328,4.858,2.859,3.078,1.404,2.912,2.764,0
1.08188,4.862,2.822,2.303,4.105,3.033,2.71,3.609,0.797,2.924,2.362,1
1.08187,4.806,4.655,1.711,2.629,1.071,2.452,4.171,4.552,2.644,1.927,1
1.0819,4.664,1.083,4.007,0.603,1.373,1.523,3.592,1.949,2.099,3.289,1
1.08199,0.972,3.789,1.053,2.797,1.627,1.39,2.887,2.465,2.191,2.36,0
1.08195,1.419,3.341,3.373,2.883,4.331,3.253,4.355,1.547,3.833,4.147,0
1.08194,4.562,1.921,1.917,4.652,1.482,4.993,4.494,1.103,1.577,3.77,0
1.08194,4.245,2.397,4.055,1.067,2.313,3.583,0.58,1.404,3.571,4.601,1
1.08197,4.858,1.019,2.776,3.912,2.763,3.586,1.351,0.817,0.978,0.668,0
1.08189,3.059,1.159,1.33,1.418,4.281,4.956,4.671,0.929,0.779,4.782,1
1.08187,2.579,3.941,1.971,2.601,2.819,2.435,3.204,0.56,3.655,4.299,1
1.0819,3.827,2.324,1.378,1.243,2.807,0.569,4.519,4.108,3.671,4.373,1
1.08196,3.332,2.32,3.198,2.769,4.922,4.122,1.662,4.601,3.85,4.001,0
1.08199,4.534,4.459,3.627,3.953,3.944,2.326,3.752,0.817,2.038,2.61,0
1.08193,0.548,2.1,3.374,3.308,1.544,4.751,3.497,2.02,3.469,3.063,0
1.08187,4.999,3.39,3.656,3.928,4.91,0.603,3.269,3.825,1.655,2.307,0
1.08185,0.727,1.38,2.191,0.943,1.629,4.575,2.975,2.785,4.852,3.056,0
1.08195,4.143,0.843,3.189,3.917,0.703,4.686,1.22,2.623,1.261,2.73,0
1.08194,3.25,0.763,4.754,2.393,2.87,3.19,2.145,1.786,3.448,3.023,0
1.08192,1.832,0.563,1.603,0.692,1.205,3.896,2.255,4.539,3.868,0.726,0
1.08202,4.949,4.75,0.831,4.575,2.433,2.649,4.879,1.597,2.855,4.718,0
1.08201,4.905,4.175,3.216,1.018,3.309,2.551,1.416,0.734,2.876,1.059,0
1.08194,2.493,3.506,2.55,1.68,3.12,2.388,4.001,2.888,4.989,4.787,1
1.08193,1.012,4.517,4.029,3.312,2.116,1.722,3.583,3.042,3.163,3.349,1
1.08189,3.89,1.354,1.62,4.909,4.621,4.454,0.678,0.774,1.719,2.413,1
1.08186,2.937,0.826,0.889,3.543,2.978,3.34,2.179,2.653,1.448,2.047,0
1.08184,3.852,4.273,0.835,1.039,4.141,3.307,3.959,1.459,2.41,1.661,1
1.08187,3.441,4.951,1.964,2.969,3.857,4.644,2.424,2.162,0.937,4.438,0
1.08181,0.853,0.874,3.039,2.682,3.584,1.845,3.99,0.842,1.46,3.479,1
1.08186,3.762,3.623,1.773,1.143,2.11,3.767,2.149,1.028,3.692,3.062,0
1.08188,4.634,4.73,4.61,2.471,4.114,1.871,1.929,2.298,4.706,4.526,0
1.08188,2.145,2.135,2.28,2.244,1.377,3.037,4.087,2.933,4.264,3.033,0
1.08195,1.295,3.915,4.464,1.767,0.6,2.82,2.949,3.054,4.849,3.43,0
1.08195,2.961,4.046,0.878,0.868,3.817,4.546,0.881,3.354,1.147,3.856,0
1.08193,3.421,1.605,1.492,3.944,2.847,3.941,2.275,2.02,4.857,3.526,0
1.08185,3.744,3.687,4.617,2.348,4.218,3.5,4.341,4.127,4.252,4.499,0
1.08185,4.81,3.381,2.857,3.695,4.11,2.397,2.392,1.158,3.836,4.96,0
1.08183,1.42,2.412,1.814,4.864,0.766,1.888,1.017,3.416,3.992,1.307,0
1.08185,0.781,2.564,3.128,4.592,0.664,0.989,1.33,1.478,1.559,3.728,0
1.08181,1.332,1.765,1.276,3.909,1.903,2.967,4.177,2.658,1.672,4.493,0
1.08179,4.614,2.039,2.963,4.807,2.672,1.495,0.724,4.764,4.106,2.232,0
1.08171,1.735,4.956,3.459,1.569,0.549,2.627,2.172,4.085,3.71,3.227,0
1.0817,1.208,1.206,1.948,1.667,4.412,2.823,3.366,4.969,1.699,2.906,0
1.08176,0.506,4.196,4.308,4.199,0.871,1.715,3.724,0.937,2.66,2.609,0
1.08185,4.8,3.14,4.358,1.866,4.052,2.376,4.625,0.909,4.218,1.438,0
1.08178,1.209,4.244,1.901,1.898,0.842,1.876,2.603,3.718,2.119,3.592,1
1.08176,0.976,2.274,2.578,4.851,4.234,3.443,0.556,2.197,3.695,1.569,1
1.08169,0.547,4.962,4.098,1.43,3.272,1.807,2.192,2.929,1.842,2.018,1
1.08166,2.265,3.5,1.654,1.4,3.791,1.982,4.753,3.033,3.757,1.992,1
1.08168,1.134,0.925,3.55,3.687,1.309,2.31,4.266,3.167,0.905,1.52,1
1.08165,1.207,1.058,2.331,0.827,4.643,2.422,2.802,3.413,3.951,4.195,1
1.08161,2.355,0.569,2.303,3.649,4.919,4.054,3.471,3.239,0.583,1.99,1
1.08164,2.04,3.428,0.978,2.199,2.792,4.048,4.213,3.251,1.213,3.949,1
1.08171,2.087,2.752,1.138,3.71,4.941,2.822,3.719,4.26,1.387,4.752,1
1.08166,3.322,1.391,0.875,1.601,3.094,3.637,1.981,4.681,2.125,2.584,1
1.08179,1.11,4.568,2.945,3.023,3.022,1.69,4.592,4.965,4.179,3.207,1
1.08191,1.052,4.211,1.799,4.537,1.584,3.081,4.238,1.335,2.965,0.843,0
1.08195,4.942,4.728,3.463,1.884,3.521,3.82,2.217,3.164,4.117,0.574,1
1.08196,1.398,2.606,1.143,2.239,3.063,1.282,2.839,1.686,3.056,1.994,0
1.08195,3.519,1.151,4.817,3.2,2.615,2.351,3.307,3.602,3.911,3.883,0
1.08193,2.686,4.976,4.272,4.348,2.341,2.453,3.047,4.574,2.867,2.863,1
1.08181,1.943,0.746,3.765,4.551,3.794,3.189,3.883,1.871,3.17,0.814,1
1.08186,1.06,2.511,2.762,2.285,0.734,3.627,2.868,1.576,1.878,2.28,1
1.08187,4.601,4.849,3.496,4.399,2.396,4.124,1.498,3.86,3.051,4.565,1
1.08189,0.944,4.066,1.057,2.919,4.779,0.503,1.598,1.847,1.961,0.782,1
1.08199,2.288,2.104,3.135,0.707,0.64,4.543,1.885,2.743,4.703,4.898,0
1.08191,2.627,1.429,1.829,4.652,4.536,1.38,4.271,2.094,2.626,1.273,0
1.08207,1.409,3.346,1.362,4.461,0.725,0.977,3.766,1.908,4.551,4.413,0
1.08192,3.709,1.107,3.632,4.72,2.503,0.855,1.505,1.882,3.697,1.384,0
1.08194,3.491,4.057,2.176,3.479,4.48,3.155,1.53,1.854,4.67,3.502,0
1.08198,1.746,3.38,0.905,4.924,2.482,2.877,2.889,0.704,3.199,1.78,0
1.08198,0.892,1.783,3.901,1.607,1.756,2.966,1.339,4.537,4.945,0.651,0
1.0821,2.577,3.878,2.231,4.682,2.75,1.31,3.002,3.402,2.118,3.462,0
1.08212,2.775,4.304,3.579,2.842,4.782,1.283,4.008,1.243,3.236,1.559,0
1.08204,2.482,3.979,4.04,4.06,1.562,2.701,1.496,3.11,2.745,0.659,0
1.08196,3.077,4.428,1.31,1.183,0.58,2.732,2.456,2.488,1.683,4.093,0
1.0819,0.826,4.583,3.06,2.945,4.062,1.571,1.158,1.9,0.69,1.915,1
1.08184,1.691,3.149,0.898,4.193,1.272,1.647,1.219,3.608,4.239,4.04,1
1.08179,0.775,2.348,2.14,1.474,4.867,0.69,2.703,3.926,4.938,1.151,1
1.08168,0.677,1.583,4.505,1.137,2.268,1.841,2.41,0.844,0.654,4.983,1
1.08171,3.935,3.803,1.534,1.639,2.983,1.588,2.577,4.696,2.138,2.017,1
1.0818,0.679,2.314,3.424,0.763,2.044,3.626,4.39,3.158,4.489,2.582,1
1.08179,2.268,4.294,2.215,4.016,1.469,2.063,1.326,2.973,1.237,1.416,1
1.08181,1.888,2.512,4.97,3.556,4.382,1.421,2.223,0.828,3.611,2.133,1
1.08188,1.735,0.584,1.319,1.681,2.268,4.656,3.718,1.709,2.125,1.191,1
1.08193,3.946,3.756,4.582,0.592,1.949,2.23,0.874,4.471,1.964,3.968,1
1.08191,2.837,0.747,2.273,1.572,0.684,1.179,3.179,0.643,1.905,2.408,1
1.08188,3.68,1.672,3.765,3.498,1.162,1.422,1.762,3.707,2.324,2.239,1
1.08187,4.397,1.517,1.814,2.052,1.471,0.683,0.61,3.337,3.047,4.139,1
1.08192,3.517,4.636,1.473,3.601,3.5,4.798,4.408,1.556,3.346,0.905,1
1.08191,2.425,2.266,0.77,2.225,1.977,2.737,1.759,1.214,2.311,2.638,1
1.08196,1.579,0.919,2.038,2.4,1.179,3.122,3.656,2.989,3.651,0.604,1
1.08204,2.261,2.139,0.783,2.32,0.746,2.73,3.136,2.61,1.965,1.64,1
1.0821,4.513,3.046,1.679,3.506,1.337,2.612,3.269,4.796,2.132,3.093,1
1.08211,4.741,3.972,3.323,3.294,2.349,2.37,1.743,4.233,4.459,2.218,0
1.08213,1.111,2.782,1.889,2.122,4.896,1.174,1.366,1.528,3.561,1.555,0
1.08212,0.504,2.947,2.273,1.577,2.721,3.426,2.967,3.31,3.023,4.24,0
1.08217,2.06,4.488,1.91,3.722,3.629,3.589,4.838,4.21,1.218,3.297,0
1.08216,2.708,3.037,2.163,1.786,3.87,2.903,1.567,1.622,1.962,1.3,0
1.08213,0.785,0.809,0.96,3.671,1.007,2.532,3.974,2.663,1.232,4.398,0
1.08213,4.414,0.74,1.643,2.784,4.084,2.265,3.722,1.633,3.721,1.971,0
1.08207,4.292,4.228,3.054,2.393,3.681,3.303,4.24,4.106,1.063,2.196,0
1.08217,3.512,1.54,1.331,0.562,3.135,4.735,4.867,1.102,3.594,2.387,0
1.08212,4.7,4.95,0.719,3.71,1.033,0.691,1.787,3.791,4.971,1.041,0
1.08207,1.985,0.619,2.942,2.674,2.18,1.891,4.102,4.274,1.777,2.263,0
1.08199,4.914,2.252,3.623,2.957,4.101,1.161,1.288,0.982,4.701,1.631,0
1.08192,2.697,1.042,1.956,0.587,3.047,1.146,3.314,1.733,1.524,2.67,1
1.08188,0.731,0.79,4.517,1.892,0.853,1.321,2.675,4.987,1.41,4.403,0
1.08192,2.679,2.366,4.132,2.282,0.759,2.977,3.456,3.304,1.747,4.725,0
1.08206,2.494,4.252,3.762,1.291,0.621,1.26,1.034,0.836,2.115,3.891,0
1.0819,1.895,2.814,0.547,1.446,4.817,0.55,2.873,4.146,4.065,3.809,0
1.08181,4.224,3.955,4.937,0.954,4.777,2.31,3.674,1.627,4.593,0.606,1
1.08188,3.096,1.523,2.248,2.162,3.456,4.148,2.141,3.371,2.093,1.756,0
1.08192,0.924,2.007,3.837,1.451,3.844,2.958,3.561,1.298,0.976,1.143,0
1.08189,2.077,2.438,0.542,2.762,2.315,1.947,2.917,4.785,1.421,4.462,0
1.08185,0.988,4.944,2.435,4.832,1.488,2.337,3.677,1.3,1.73,3.547,0
1.08194,4.765,1.95,1.325,2.107,4.953,1.167,3.356,2.202,3.397,1.455,0
1.08184,4.354,3.329,2.772,3.055,1.014,4.269,3.604,2.539,3.495,2.387,0
1.08175,2.231,1.535,3.203,3.077,2.819,0.645,3.323,2.511,3.17,3.176,1
1.08179,2.609,4.968,3.821,1.908,3.815,4.952,2.309,4.404,1.07,4.955,1
1.08177,2.71,1.554,4.281,3.422,4.72,4.232,4.09,2.802,4.972,0.792,1
1.08184,1.628,4.132,2.543,2.913,4.395,1.382,1.758,3.397,0.831,2.997,1
1.08177,4.042,2.708,1.588,4.1,4.348,3.969,2.972,4.576,4.085,1.183,1
1.08175,0.666,2.056,4.392,4.252,1.028,1.318,2.249,4.321,3.277,4.558,1
1.08177,0.823,4.945,1.43,3.331,4.445,3.774,1.387,3.508,2.438,0.569,0
1.08174,3.334,1.753,3.214,3.627,1.313,1.076,3.622,2.599,1.081,1.022,1
1.08179,4.735,3.245,2.109,1.383,4.977,3.612,3.813,2.121,1.896,2.337,1
1.08184,2.411,4.191,2.34,2.556,2.779,4.737,2.059,3.666,1.558,3.107,0
1.08191,1.782,4.427,1.789,4.345,3.545,2.547,4.702,2.244,3.845,3.206,0
1.08189,2.386,1.766,2.484,4.795,1.818,3.627,3.524,1.601,2.352,1.095,0
1.0819,4.529,1.632,2.393,2.037,4.192,4.326,3.158,2.957,0.947,4.534,1
1.08195,2.185,3.754,3.511,2.047,4.541,4.773,0.605,3.348,2.611,2.128,0
1.08198,2.592,1.922,3.519,3.225,4.867,4.894,4.967,2.278,4.229,3.425,0
1.08192,0.799,2.58,2.306,3.452,1.481,4.954,1.442,2.165,1.143,2.276,0
1.0817,3.838,0.876,1.251,3.42,3.304,3.839,1.64,4.151,3.789,3.992,1
1.08175,0.571,4.369,4.75,4.531,0.609,2.08,2.911,2.902,1.001,4.052,1
1.0818,1.857,2.783,1.061,3.055,1.084,0.898,2.805,1.823,3.999,1.61,0
1.08179,1.479,2.533,3.012,2.567,4.328,0.97,4.325,1.197,4.866,2.862,1
1.0818,2.329,3.255,4.387,4.837,2.36,0.548,1.192,4.183,3.805,3.707,1
1.08184,0.628,0.996,1.853,4.848,3.394,4.315,0.707,2.373,0.853,1.674,0
1.08191,1.003,4.635,1.98,2.7,3.443,4.49,4.759,3.056,2.754,4.567,0
1.08186,3.827,1.662,2.155,2.432,2.646,2.113,2.437,2.529,0.723,4.26,0
1.0819,0.778,2.875,2.964,2.299,1.502,0.946,2.174,1.915,2.678,1.536,0
1.0819,0.54,2.33,4.848,0.532,3.17,4.824,2.145,3.191,2.16,1.855,0
1.08182,3.241,3.152,1.918,2.739,2.823,3.892,0.739,0.918,1.634,1.716,0
1.08184,4.37,2.31,1.786,3.56,0.885,4.928,4.242,1.977,1.928,4.187,0
1.08178,4.047,3.39,0.755,3.936,0.716,3.311,2.984,4.673,3.374,0.601,0
1.08188,3.109,0.525,3.816,2.383,3.558,4.927,4.625,0.837,4.016,2.482,0
1.08183,3.882,2.2,2.515,2.466,1.031,1.94,3.806,0.822,1.021,4.253,0
1.08179,1.01,1.033,1.895,4.792,3.021,4.65,1.45,2.367,2.913,4.277,0
1.08172,1.055,4.432,2.626,0.641,2.444,2.199,3.535,4.677,2.721,3.603,0
1.08164,0.974,3.841,1.249,3.136,1.41,2.058,1.237,2.074,3.161,2.84,1
1.08171,2.249,3.084,4.29,2.112,3.127,2.662,4.913,1.976,3.638,1.551,0
1.0817,3.087,1.657,0.789,4.212,2.199,3.724,2.447,3.279,3.018,4.891,0
1.08181,4.593,2.551,2.691,1.541,3.889,0.96,1.879,4.313,0.658,3.643,0
1.08173,1.999,1.182,4.779,3.941,4.126,0.94,4.028,1.483,1.397,2.907,0
1.0817,3.244,1.044,3.942,3.121,4.547,4.658,3.602,2.138,4.78,3.734,0
1.08166,3.771,1.691,1.621,0.591,2.917,1.641,1.819,1.638,1.092,2.682,1
1.08179,1.727,1.783,1.749,2.791,4.432,1.22,4.368,4.346,3.242,2.947,0
1.08178,3.47,4.637,3.988,1.669,0.744,4.715,2.132,4.043,1.55,2.538,0
1.0817,2.167,3.782,4.746,2.775,3.047,2.069,1.545,4.774,0.996,4.732,0
1.08169,4.558,0.959,3.044,1.039,4.95,1.892,4.425,0.776,3.499,0.805,0
1.08167,0.634,3.069,4.923,3.583,4.349,4.032,2.845,0.847,2.871,1.331,0
1.08161,2.745,1.389,3.673,2.378,2.687,0.854,2.691,3.009,4.876,3.027,1
1.0816,1.107,1.851,2.01,3.659,4.725,4.892,4.775,4.664,4.364,4.707,1
1.08167,3.158,3.586,3.257,3.259,4.7,0.889,2.837,4.818,0.643,1.003,1
1.08168,4.411,4.807,0.608,0.644,4.234,3.598,2.839,3.11,3.908,4.135,1
1.0817,4.074,4.889,4.25,2.334,2.01,2.06,0.567,3.966,1.68,3.135,1
1.0817,2.868,2.009,3.537,2.547,1.555,4.468,1.291,1.175,1.64,2.655,1
1.08172,1.572,3.445,1.671,2.852,1.647,4.447,1.33,1.545,1.857,1.983,0
1.08166,3.769,3.534,4.056,2.93,0.854,3.936,1.6,1.48,2.365,4.954,1
1.08162,4.6,4.957,2.242,1.11,4.053,4.02,2.022,4.057,2.208,1.792,1
1.08166,3.17,3.837,2.641,4.183,0.562,2.745,2.212,0.793,4.615,1.146,1
1.0817,4.822,4.692,2.039,4.688,1.138,3.715,4.755,1.367,1.111,3.552,0
1.08183,4.471,3.769,4.772,2.542,2.175,1.041,1.729,4.725,0.822,1.332,0
1.08181,1.881,1.323,1.053,2.871,2.931,3.055,3.93,2.87,4.762,0.867,0
1.08183,1.503,0.845,1.892,3.923,4.659,2.767,1.221,1.987,3.058,1.825,0
1.08188,2.569,3.214,4.307,2.593,1.359,4.748,4.901,0.61,3.932,2.302,0
1.08171,0.734,1.233,1.279,3.814,1.452,0.588,1.489,4.096,2.746,3.438,1
1.08167,0.568,1.869,0.687,1.673,3.284,2.162,2.628,3.308,1.927,2.105,1
1.08168,4.477,3.114,2.376,2.931,2.572,1.996,4.612,1.55,4.711,4.338,1
1.08171,2.79,4.93,1.799,1.269,3.755,1.558,3.126,1.209,4.764,1.778,0
1.08168,0.936,3.593,2.062,3.017,2.738,4.652,2.814,2.205,0.507,2.734,0
1.08167,3.343,2.58,0.905,2.739,2.668,3.386,4.866,1.761,2.492,0.881,0
1.08175,4.1,1.555,4.231,4.091,1.646,4.563,2.768,2.418,2.998,4.756,0
1.08168,1.808,4.285,2.764,2.041,1.384,1.468,4.254,4.116,4.904,4.627,0
1.08169,3.583,4.088,3.702,4.143,4.106,1.293,4.166,1.865,1.598,4.638,0
1.08176,2.044,4.063,3.247,4.6,4.696,3.399,0.79,3.502,0.992,4.92,0
1.08177,4.421,1.898,1.337,3.624,3.911,4.933,3.303,1.064,3.77,0.764,0
1.08185,4.034,4.431,3.061,4.745,3.376,2.714,2.23,2.09,0.603,1.225,0
1.08177,4.08,1.529,3.441,3.989,3.625,2.821,1.922,1.728,1.343,3.415,0
1.08171,1.988,4.672,4.602,1.807,4.784,3.287,4.831,3.984,2.0,1.757,0
1.08156,2.851,2.695,0.659,4.381,2.91,2.629,3.851,1.624,1.397,3.114,0
1.08157,0.815,0.735,2.099,2.871,4.77,3.378,2.365,2.33,1.559,2.633,0
1.08162,4.816,1.049,2.448,3.585,3.931,2.998,3.385,4.723,4.561,1.63,0
1.08141,2.875,1.352,3.947,0.756,1.176,2.981,1.727,3.738,3.771,1.937,1
1.08135,3.951,3.415,3.677,2.555,2.446,0.98,2.637,4.796,4.498,0.752,1
1.0814,3.625,2.469,1.075,2.415,3.079,3.849,2.314,3.423,3.566,3.271,0
1.08142,0.709,3.697,1.079,0.746,2.631,0.576,0.828,2.259,2.609,0.975,1
1.08154,2.69,3.145,1.92,4.926,1.04,1.869,1.494,4.396,2.79,2.347,0
1.0815,2.295,4.492,1.658,4.061,3.686,2.518,2.146,2.466,2.539,1.92,0
1.08146,1.867,3.977,2.548,2.631,4.458,2.546,2.192,4.541,4.894,4.036,1
1.08141,2.306,3.52,3.834,1.833,3.758,4.774,3.451,3.51,2.458,3.44,1
1.08143,2.926,4.91,2.038,3.703,0.575,2.373,3.949,1.668,3.261,1.494,1
1.08154,2.293,4.972,1.385,4.607,0.769,3.123,4.196,4.268,2.261,3.157,0
1.08151,3.86,3.105,1.632,3.673,3.026,2.949,4.942,1.114,4.013,1.961,1
1.0814,3.77,4.777,1.735,3.052,2.877,2.728,1.252,3.315,4.521,3.485,1
1.08138,2.39,1.153,3.226,2.572,2.884,4.96,3.063,4.791,2.087,3.915,1
1.08149,0.839,1.852,3.614,3.606,4.228,2.211,1.731,2.113,2.918,0.609,0
1.08142,1.169,1.9,4.427,4.701,1.624,1.301,1.03,0.886,4.073,3.825,1
1.08149,1.69,2.701,3.629,0.626,4.185,4.368,1.451,3.666,3.647,2.017,1
1.08152,2.633,1.912,2.488,4.155,3.065,3.242,4.942,1.505,1.502,3.289,1
1.08149,1.176,4.839,2.036,2.48,2.44,4.224,4.619,3.547,1.271,2.098,1
1.08148,4.472,4.425,1.519,2.139,1.529,3.734,0.712,3.631,0.782,4.285,0
1.08144,2.945,3.124,0.928,0.699,2.089,4.931,3.2,4.38,0.782,0.958,0
1.08153,1.294,1.727,3.502,3.63,1.951,2.604,1.801,3.026,2.101,2.12,0
1.08155,1.62,1.815,1.674,0.573,1.897,3.164,1.709,1.008,4.307,2.611,0
1.08149,4.492,3.893,3.302,3.467,3.616,2.752,2.359,2.255,2.769,2.609,1
1.08149,2.88,2.899,4.049,4.517,1.508,0.6,1.855,0.643,4.084,3.292,1
1.08148,4.409,4.263,3.576,3.613,3.85,2.546,2.288,2.988,4.462,4.961,0
1.08152,4.626,4.259,0.835,1.611,4.87,2.946,2.817,1.894,4.379,2.826,0
1.08155,4.97,0.56,1.167,2.253,3.378,0.998,3.031,4.727,2.46,3.931,1
1.08154,3.164,3.121,1.279,2.588,4.552,3.534,1.476,2.511,2.946,2.015,1
1.08146,0.58,1.49,3.455,1.465,0.828,3.929,2.002,4.81,3.014,0.956,1
1.08142,3.366,1.68,4.165,3.759,3.913,0.757,0.654,4.09,1.132,1.408,1
1.08146,2.631,4.811,1.946,1.667,4.226,1.33,3.358,3.268,4.709,0.697,1
1.08146,3.034,2.223,4.206,1.635,3.717,1.334,2.728,4.858,1.58,1.755,1
1.08155,0.797,1.339,1.567,1.805,4.301,3.652,4.909,3.514,3.325,2.224,1
1.0815,3.728,2.721,0.765,2.714,2.228,2.889,0.719,0.626,4.923,2.171,1
1.08148,3.166,4.616,1.312,2.751,2.749,3.946,3.043,1.575,1.353,3.761,1
1.08152,0.852,4.391,0.651,1.353,2.605,4.298,3.288,3.856,3.925,3.751,1
1.08163,1.165,1.23,0.669,0.628,4.446,2.214,0.889,0.71,4.309,3.207,1
1.08167,4.623,0.668,1.007,1.79,1.36,1.005,1.402,3.382,1.256,1.259,0
1.08161,1.173,3.057,2.786,2.246,2.634,0.679,3.268,1.37,2.011,0.542,0
1.08159,4.495,3.144,2.265,2.938,4.729,1.094,2.225,3.686,2.174,3.681,0
1.08161,1.78,1.818,3.876,4.029,3.648,4.661,1.336,2.27,4.338,3.945,0
1.0816,1.007,4.909,3.832,4.397,2.129,3.225,4.814,4.541,3.097,4.505,0
1.08172,3.451,4.822,1.147,2.317,3.038,1.092,4.013,0.78,3.329,1.759,0
1.08172,1.953,3.231,1.361,2.514,4.357,4.941,1.682,2.145,3.622,1.354,0
1.08175,3.005,2.027,0.505,0.505,0.509,1.977,1.738,4.961,3.369,0.794,0
1.08171,3.722,1.546,2.667,3.752,4.355,4.709,2.394,1.93,2.289,1.907,0
1.08171,3.585,1.184,4.023,4.85,1.414,3.275,1.229,0.659,2.363,1.325,0
1.08164,3.788,3.076,3.535,4.856,0.762,0.943,0.661,2.567,4.21,3.577,0
1.08151,2.175,1.008,3.387,0.615,1.532,0.634,1.227,0.788,2.892,1.076,0
1.08148,3.215,4.209,2.05,1.042,3.52,3.778,4.478,2.993,3.119,4.384,0
1.0814,1.791,3.985,3.348,2.608,0.548,2.644,1.685,3.207,2.793,2.797,0
1.08124,0.764,1.092,3.231,3.569,4.957,4.067,1.805,2.551,2.776,4.118,1
1.08113,2.678,2.291,2.659,2.108,4.998,0.709,2.298,0.857,3.551,1.178,1
1.08122,1.171,2.405,3.209,3.936,2.5,1.828,2.155,4.498,1.46,0.551,1
1.08127,1.095,1.112,4.507,3.871,0.79,3.538,1.462,2.507,3.223,0.729,1
1.08122,4.71,2.008,1.148,4.011,0.991,0.667,3.434,2.615,4.553,4.058,1
1.08123,3.215,2.617,1.855,4.626,1.438,3.395,0.831,4.656,4.769,3.281,1
1.08125,1.942,3.758,4.566,4.077,0.683,2.768,1.13,2.959,4.775,4.392,1
1.08125,1.928,1.258,3.847,3.917,2.015,2.391,3.634,3.774,2.586,1.032,1
1.08133,0.93,1.263,4.219,2.733,3.4,2.14,2.16,1.292,4.886,3.225,1
1.0814,3.191,3.26,3.965,3.238,4.444,4.864,2.33,3.418,2.185,2.348,1
1.08147,2.148,3.413,2.086,2.084,4.311,4.099,3.543,4.296,2.237,3.392,1
1.08147,0.953,4.093,4.646,1.862,2.202,1.027,1.14,3.372,4.514,0.878,1
1.08153,1.646,3.916,1.516,4.45,2.088,2.63,1.407,1.808,2.41,1.752,1
1.08153,3.375,4.112,1.968,1.362,1.04,0.848,4.065,3.214,0.568,2.54,1
1.08151,3.194,1.937,0.657,2.394,2.091,4.875,2.119,4.651,4.406,3.085,1
1.08159,0.906,3.007,0.938,0.917,2.347,1.203,4.964,3.101,4.537,4.804,1
1.08168,3.911,3.406,2.628,4.0,3.512,1.211,2.885,2.361,2.82,3.709,0
1.08165,4.05,4.213,0.916,1.153,0.712,1.222,4.815,1.893,2.476,2.594,1
1.08157,3.04,1.758,4.004,1.993,4.305,4.116,0.505,2.965,0.919,4.478,1
1.08161,3.959,3.159,3.501,2.359,2.842,1.415,2.581,1.658,3.54,0.98,1
1.08164,1.119,1.389,2.898,3.118,0.513,4.942,4.259,2.209,1.215,4.216,1
1.08168,3.902,4.181,4.717,1.439,1.042,1.24,1.541,4.55,4.595,2.632,1
1.08167,1.074,2.086,1.585,3.418,3.74,3.992,2.467,2.556,2.605,2.166,1
1.08158,3.701,1.969,3.051,1.153,0.703,2.241,2.117,0.646,0.858,2.416,1
1.0816,4.74,4.269,0.636,1.925,2.159,1.9,1.117,3.157,4.276,2.218,1
1.08162,0.568,3.944,1.539,3.758,4.058,0.875,1.35,1.919,3.96,3.816,0
1.08164,1.863,2.534,2.098,2.623,4.071,1.678,4.147,4.64,3.204,4.816,0
1.08168,4.962,1.403,4.121,1.046,1.862,2.49,4.276,3.563,1.417,4.54,0
1.08167,4.394,2.794,0.728,1.785,1.816,2.385,4.742,3.178,4.188,0.821,0
1.08167,2.032,1.524,0.784,0.729,2.356,2.958,2.3,3.043,1.809,0.576,0
1.08177,3.535,2.011,2.711,2.2,1.715,0.733,1.835,1.841,1.017,0.633,0
1.08176,4.455,2.121,2.497,2.865,0.608,0.956,4.034,3.004,2.72,2.047,0
1.08176,3.881,2.764,4.065,4.261,4.522,3.766,3.533,2.577,2.9,3.106,0
1.08164,4.361,0.734,3.884,3.273,3.193,4.587,0.723,2.638,2.189,4.768,0
1.08163,1.241,3.034,1.149,3.892,2.701,3.809,1.882,4.475,0.532,1.511,0
1.08161,3.998,1.738,0.864,3.692,3.792,0.773,4.707,2.875,0.651,2.658,0
1.08148,2.022,0.97,4.484,4.706,1.058,2.505,1.73,3.525,0.994,2.001,0
1.08142,2.458,3.182,4.731,4.692,4.583,4.23,1.528,1.6,2.569,3.395,1
1.08146,3.228,2.073,4.963,1.906,0.587,0.909,1.442,3.789,4.283,0.688,0
1.08146,4.039,4.539,1.685,0.961,4.851,4.872,3.725,2.627,3.861,3.953,1
1.08151,2.792,1.721,2.863,3.48,1.959,3.377,1.16,4.869,1.451,1.518,1
1.08166,4.664,4.285,4.319,4.195,3.05,0.834,3.793,4.261,4.27,0.696,0
1.08162,0.776,3.788,2.696,4.521,4.958,2.511,3.54,3.493,3.622,2.154,0
1.08161,4.55,3.756,4.112,2.58,1.423,2.53,3.563,2.967,0.989,0.517,0
1.08159,2.29,1.602,1.52,1.497,2.371,3.628,4.609,3.545,0.593,4.404,0
1.08151,3.261,2.094,2.027,0.821,3.488,0.743,3.565,4.6,3.506,3.228,1
1.08144,4.136,4.819,4.157,4.955,2.568,0.566,3.264,3.373,4.384,3.255,1
1.08144,4.238,3.311,4.934,3.17,4.337,3.975,4.959,2.58,4.537,2.285,1
1.08144,0.551,1.966,2.081,4.965,2.277,1.736,3.608,0.938,1.875,2.278,1
1.0815,2.403,4.109,2.028,4.898,1.38,2.889,1.518,0.564,1.857,4.53,1
1.08156,1.812,2.698,2.858,1.697,2.907,0.794,2.072,1.781,4.17,3.965,1
1.08154,4.399,3.835,0.749,1.087,3.866,4.28,4.952,3.989,1.21,3.052,1
1.08146,3.309,3.221,1.105,4.858,2.797,1.709,4.914,2.232,0.815,3.511,1
1.08145,1.861,3.232,1.939,3.491,4.574,4.959,4.5,4.647,1.639,4.208,1
1.0815,0.904,3.118,0.84,0.946,4.769,1.071,3.727,2.872,0.505,4.069,1
1.08162,4.183,2.733,2.508,0.625,3.65,0.676,2.867,4.664,3.551,1.024,1
1.08167,3.745,3.657,1.982,3.972,3.104,2.361,2.866,1.741,1.792,4.5,1
1.08161,2.151,1.356,0.506,4.836,3.882,4.918,3.151,0.781,1.235,0.721,1
1.0817,3.255,3.299,4.8,1.832,1.55,1.495,1.162,0.629,2.722,2.39,1
1.08159,1.912,4.222,2.896,0.963,0.633,3.242,4.434,0.726,3.659,1.546,1
1.08171,3.592,4.249,3.772,1.601,1.202,4.852,4.621,4.655,2.935,0.731,1
1.08161,0.801,1.829,0.69,4.462,2.091,0.87,2.103,1.417,2.45,3.272,1
1.08172,3.461,0.934,2.905,0.753,2.487,4.136,1.681,4.201,1.598,2.27,1
1.08172,2.993,2.915,3.717,4.766,3.625,1.506,1.396,2.668,1.766,2.99,1
1.08171,0.903,3.623,2.375,0.725,1.043,4.708,4.321,4.465,2.254,4.93,1
1.08176,4.738,1.439,0.519,1.069,0.876,4.116,3.228,2.644,1.015,3.391,1
1.08185,1.116,1.101,3.172,3.396,4.104,4.22,1.117,1.868,1.148,2.71,1
1.08198,3.568,4.138,2.698,4.605,4.257,4.231,4.127,1.472,2.054,0.753,1
1.08201,3.94,2.63,4.939,1.803,2.44,4.399,4.86,3.906,4.471,4.657,1
1.08199,0.786,3.545,4.786,2.776,1.156,3.061,0.795,2.577,0.861,2.378,1
1.08208,4.18,3.827,4.341,2.558,2.485,0.748,4.051,3.064,2.336,1.153,0
1.08206,1.04,0.857,2.412,1.118,4.223,3.245,4.401,2.991,1.218,1.744,0
1.08207,4.278,3.132,3.408,3.346,0.716,1.399,2.442,4.299,4.746,3.16,0
1.08207,3.015,2.341,4.688,1.43,1.422,0.571,0.629,4.133,4.42,1.192,0
1.08209,0.569,3.093,1.609,3.265,4.603,3.862,1.76,3.23,1.803,3.918,0
1.08208,3.553,4.513,2.056,4.794,3.12,1.658,3.411,1.897,1.01,0.679,0
1.08221,3.247,1.589,0.95,3.995,1.139,3.897,1.728,2.135,4.696,4.229,0
1.0823,3.216,4.709,3.301,3.12,1.957,2.207,3.064,1.612,3.389,4.388,0
1.08214,3.742,1.513,0.625,2.151,2.453,4.309,2.962,2.831,3.226,2.989,0
1.08211,2.987,1.562,1.056,2.478,4.49,4.76,1.819,3.086,2.833,2.543,0
1.08203,1.302,4.051,0.884,1.526,1.754,1.414,1.37,0.859,2.856,1.274,0
1.08198,3.311,2.662,3.256,1.83,2.588,3.599,1.469,3.8,3.135,4.886,0
1.08191,3.273,2.97,3.957,1.798,2.176,2.446,3.806,3.736,1.333,4.793,0
1.08199,4.98,3.296,2.231,0.891,0.578,3.161,3.733,3.271,4.023,2.463,0
1.08198,3.839,3.218,3.354,2.968,3.502,3.02,0.908,3.537,3.666,2.426,0
1.08205,1.249,2.801,2.111,1.245,4.498,1.297,3.705,1.265,2.827,4.986,0
1.08204,0.899,4.365,0.527,4.899,4.588,2.518,3.37,2.569,1.237,2.101,0
1.08191,1.013,2.926,2.622,2.988,4.065,3.197,1.955,4.796,3.195,1.721,0
1.08196,2.964,4.403,0.709,3.416,2.694,1.796,1.217,1.543,2.469,2.399,0
1.08192,3.29,2.63,4.08,4.12,1.567,4.896,2.959,2.007,1.646,3.708,0
1.08189,2.465,3.577,1.652,4.371,1.69,4.416,2.473,2.305,3.099,2.853,0
1.08181,4.775,3.843,0.916,4.945,0.57,0.737,4.183,1.74,0.632,1.292,0
1.08179,2.729,4.297,0.589,1.244,0.557,0.741,1.918,2.709,4.859,3.417,0
1.08184,4.597,3.53,1.58,2.175,2.658,0.995,4.659,2.673,1.401,2.712,0
1.08177,4.124,1.73,3.144,0.912,1.586,1.343,2.775,3.595,1.523,3.599,0
1.08168,4.98,2.0,4.984,2.548,2.793,1.299,0.882,3.404,0.964,0.657,0
1.08162,0.879,2.941,1.382,1.685,3.952,2.509,1.163,3.557,4.976,3.299,0
1.08155,3.662,4.272,4.035,1.617,4.01,0.967,1.077,2.784,1.331,3.026,1
1.08157,1.778,4.745,2.45,4.17,4.752,2.536,3.959,2.715,2.297,1.059,0
1.08149,3.595,1.926,2.863,2.104,2.261,3.977,0.53,2.667,2.803,1.162,1
1.08137,3.795,1.641,2.315,1.615,3.188,2.438,3.577,2.413,4.026,2.98,1
1.08143,1.638,1.841,4.766,2.66,3.825,1.202,3.333,1.032,1.497,1.073,1
1.08148,0.612,4.583,4.84,2.155,0.557,3.803,3.483,0.705,3.95,0.804,1
1.08149,3.953,1.553,2.787,4.102,3.216,2.863,1.332,0.806,1.346,2.86,0
1.0816,3.182,2.571,3.362,3.038,3.405,2.35,4.289,2.892,4.462,4.937,0
1.08165,3.605,2.985,1.614,0.961,3.475,1.617,3.256,2.972,3.232,2.432,0
1.08155,1.577,1.866,3.636,4.486,1.935,1.912,2.515,2.431,3.346,3.902,0
1.08157,3.765,4.873,2.519,2.51,3.431,1.912,4.232,2.38,3.006,2.839,0
1.08145,2.139,0.547,1.752,2.643,4.78,1.117,4.563,4.877,4.06,1.758,1
1.08158,0.808,1.842,4.725,3.531,4.207,4.251,1.302,2.77,0.925,2.205,0
1.0816,2.731,4.177,1.802,3.499,1.135,1.654,0.764,3.114,3.138,3.708,0
1.08147,3.751,3.058,4.431,1.309,1.815,2.982,3.197,4.799,3.556,0.709,1
1.08154,4.749,2.603,1.425,3.93,3.327,4.346,2.981,1.65,2.617,2.598,0
1.08149,1.171,1.639,1.033,0.622,2.864,3.819,2.312,4.56,3.238,3.463,1
1.08156,1.788,4.545,2.066,4.303,1.598,4.784,3.574,1.303,3.792,1.2,1
1.08151,2.006,2.128,1.223,2.301,0.92,4.081,2.092,3.705,2.426,4.886,1
1.08155,4.458,3.675,4.284,4.611,4.686,2.359,3.168,0.811,2.14,1.976,1
1.08154,3.894,0.835,2.403,2.682,4.289,3.346,1.165,3.499,1.558,3.277,0
1.08154,2.36,4.801,2.521,1.723,1.895,4.809,2.068,1.593,2.908,3.515,1
1.08156,1.982,3.754,2.729,3.61,3.535,0.916,0.726,1.298,1.868,1.32,1
1.08155,1.791,1.014,0.618,2.86,3.91,1.218,0.924,3.777,0.857,1.13,1
1.0815,4.032,2.778,2.855,2.184,0.625,4.194,2.253,4.221,0.977,2.445,1
1.0815,2.928,1.196,0.834,4.71,4.723,5.0,2.95,3.798,3.206,2.649,1
1.08155,2.494,3.554,0.689,1.823,1.008,3.933,2.656,1.788,4.017,2.843,1
1.08163,1.807,2.266,0.508,0.772,0.665,4.828,4.453,2.949,4.734,2.927,1
1.08162,2.463,3.25,2.341,3.437,2.045,3.447,1.436,2.703,2.426,2.868,1
1.08159,0.748,1.591,3.72,1.247,2.644,4.975,3.244,3.803,3.969,4.858,0
1.08154,3.897,0.615,2.609,1.722,3.005,3.797,4.375,2.781,3.613,0.856,0
1.08158,3.468,4.683,3.269,2.706,2.799,2.353,1.306,1.388,4.076,2.821,0
1.08167,4.238,3.43,1.311,4.783,1.319,2.787,2.57,1.246,1.701,1.339,0
1.08169,1.254,0.685,3.405,3.499,1.632,4.783,2.405,2.554,4.673,3.421,0
1.08158,3.832,1.887,0.814,3.795,3.866,3.202,1.027,3.849,1.289,4.09,0
1.08161,3.298,3.365,0.838,2.142,3.798,1.0,0.674,2.36,4.337,3.334,0
1.08161,4.266,4.292,3.655,1.431,3.879,0.544,1.276,1.94,4.806,0.66,0
1.08164,1.224,3.803,3.93,1.706,0.843,4.343,4.867,4.589,3.047,0.883,0
1.08163,4.242,3.917,2.762,4.895,2.578,2.507,3.368,4.047,3.144,4.734,0
1.08154,1.722,4.534,4.452,2.058,0.629,3.206,3.289,4.819,3.012,3.758,0
1.08154,3.501,2.473,1.473,1.736,2.132,3.806,2.984,1.943,0.749,4.043,0
1.0815,3.892,4.263,4.038,0.785,1.765,2.582,1.837,4.207,1.421,0.565,0
1.08148,0.629,3.228,3.22,2.94,0.817,3.023,2.853,1.87,1.504,1.201,0
1.08149,2.674,2.151,3.135,3.533,1.743,3.232,1.663,3.855,1.418,3.175,0
1.08148,2.889,4.604,4.938,4.066,2.114,1.699,3.319,1.078,1.296,0.925,0
1.08136,3.429,2.242,4.647,4.129,2.892,2.033,1.942,0.736,0.999,4.423,0
1.08136,4.911,2.211,3.986,2.539,4.858,0.862,2.63,3.413,0.61,4.628,0
1.08137,2.023,3.55,0.855,0.853,0.889,4.049,4.74,4.622,2.888,0.911,0
1.08138,4.021,3.354,3.048,1.269,1.143,0.867,2.445,1.8,4.794,0.72,0
1.0813,3.916,1.039,0.965,4.653,1.488,3.177,3.132,2.296,2.075,1.132,0
1.08128,3.204,4.185,0.842,2.405,2.088,4.695,3.295,1.386,2.563,0.566,1
1.08122,2.814,0.814,1.121,2.787,2.921,1.458,3.125,1.902,3.662,0.736,1
1.08126,1.278,1.809,3.326,0.928,4.605,1.495,2.348,0.827,2.553,4.827,1
1.0812,1.341,1.302,2.961,3.38,1.144,1.486,3.219,1.577,0.625,3.625,1
1.08128,4.348,1.457,1.895,3.2,3.271,3.317,2.989,1.552,1.573,0.881,1
1.0812,0.759,3.115,0.888,4.445,4.815,1.159,4.847,3.308,0.526,2.225,1
1.08116,0.802,1.595,0.578,2.518,2.668,1.543,4.659,4.486,2.748,4.108,1
1.0812,2.09,3.888,4.0,2.084,3.831,2.081,1.279,2.386,1.011,3.731,1
1.0812,4.139,3.193,4.59,3.766,3.617,3.834,3.608,4.634,3.176,3.473,0
1.08128,2.975,2.903,4.736,1.85,1.355,2.755,1.902,3.714,3.362,0.509,0
1.0813,2.283,3.56,2.613,1.001,3.603,4.881,0.913,3.272,3.26,3.257,0
1.08139,2.774,2.78,4.952,4.424,2.456,4.159,3.504,4.124,4.991,0.821,0
1.0814,4.184,4.658,1.519,2.685,4.503,3.751,3.141,4.52,4.657,0.91,0
1.08145,4.846,1.811,3.265,3.889,1.822,1.879,4.574,4.061,4.894,0.922,0
1.08137,4.804,3.765,1.761,0.954,1.279,1.666,3.068,1.952,1.169,0.89,0
1.08129,3.585,4.166,1.055,2.811,4.911,2.124,2.906,4.148,0.607,4.429,0
1.08131,2.044,2.713,4.732,0.776,0.87,3.381,4.786,1.171,1.348,2.57,0
1.08121,4.05,3.038,3.469,0.733,1.397,3.135,3.761,0.911,0.908,1.915,1
1.08116,1.266,0.833,3.404,4.791,3.353,4.636,1.071,3.271,2.142,4.312,1
1.08119,3.194,3.263,4.615,4.8,1.118,2.469,0.884,3.022,1.509,3.644,1
1.08118,4.497,1.069,1.708,2.841,0.757,3.975,3.723,1.028,3.294,1.079,1
1.08119,2.887,0.92,1.768,2.526,2.95,3.443,4.671,2.009,2.075,1.441,1
1.08118,1.453,1.365,2.393,4.264,2.471,4.161,2.622,3.117,1.65,2.342,1
1.08112,3.76,0.879,2.543,1.638,1.809,2.022,1.391,3.094,0.682,1.572,1
1.08112,4.255,3.589,4.495,1.098,1.345,1.91,2.788,4.253,4.255,4.37,1
1.08116,0.578,0.623,2.015,2.429,0.528,2.077,1.075,4.432,1.447,1.934,1
1.08122,1.006,2.478,1.492,1.608,4.976,3.714,3.814,2.098,4.899,4.844,0
1.08133,3.36,1.522,0.719,2.951,2.689,4.383,4.993,4.176,1.59,4.931,0
1.08131,1.435,4.814,4.081,3.832,3.479,0.604,4.715,1.841,3.972,2.928,0
1.0813,2.697,2.868,4.634,4.258,2.275,4.336,1.288,2.072,1.944,0.712,0
1.0813,4.859,4.179,2.657,0.777,1.684,3.977,1.821,0.925,2.422,3.102,0
1.0813,1.069,2.196,3.005,3.851,2.332,4.961,1.651,3.876,0.857,4.618,0
1.08126,4.167,4.475,1.085,4.471,4.815,2.101,4.057,3.741,3.051,2.243,0
1.08125,1.908,4.172,4.022,4.754,0.807,3.065,3.676,1.479,0.594,4.521,1
1.08127,1.997,2.472,4.156,0.921,3.752,3.683,2.583,4.788,3.342,4.477,0
1.08117,1.374,2.336,1.815,2.743,3.894,4.961,4.596,4.338,4.89,3.801,1
1.08117,2.334,2.701,0.974,4.557,2.177,1.595,0.868,2.916,2.015,4.767,1
1.08114,3.354,2.435,1.209,0.72,3.597,3.254,2.727,2.778,2.348,4.579,1
1.08118,4.073,1.919,1.993,2.445,1.832,3.918,0.931,3.0,3.715,2.046,1
1.0812,3.782,2.097,3.302,0.961,1.929,3.023,3.251,2.587,0.667,2.927,0
1.08123,1.437,3.294,1.544,0.959,0.834,3.312,4.469,3.972,3.154,4.436,0
1.0812,4.318,1.708,2.215,4.882,4.741,3.384,3.335,2.041,0.908,1.982,0
1.08121,3.449,3.334,4.6,0.503,1.427,0.949,2.164,4.612,2.605,4.097,0
1.0813,1.324,2.095,4.095,1.819,3.786,3.197,3.45,0.631,2.121,4.931,0
1.08126,4.997,3.154,3.633,2.677,3.305,2.254,1.737,1.811,1.523,3.625,0
1.0813,0.895,1.027,2.782,4.954,4.016,3.51,3.837,1.429,2.797,0.579,0
1.08128,1.02,1.043,2.055,2.639,1.482,0.849,1.047,4.775,4.932,4.612,0
1.08128,1.114,1.408,4.455,0.57,1.169,3.421,4.839,4.665,4.3,1.929,0
1.08126,4.549,4.868,3.93,4.04,3.659,2.403,3.079,4.684,3.073,0.614,0
1.08111,2.513,4.42,3.691,2.671,4.704,3.903,1.509,3.657,4.414,0.53,0
1.08118,4.316,0.556,1.94,1.867,1.479,3.46,4.081,3.424,4.595,1.013,0
1.08115,1.79,2.306,4.068,3.822,4.959,4.427,2.886,3.828,4.182,2.841,0
1.08109,4.243,1.208,0.635,3.682,4.171,1.353,4.329,3.906,1.24,1.197,0
1.08098,3.46,3.304,1.22,4.586,1.47,4.25,4.755,1.044,3.654,2.974,0
1.08104,2.354,1.549,4.31,1.941,4.6,0.655,4.499,0.586,3.756,4.774,0
1.081,1.947,3.16,2.362,0.793,4.276,2.721,4.108,0.661,1.234,1.535,0
1.08101,0.601,2.2,2.24,4.309,4.365,1.579,3.839,2.108,3.948,3.468,0
1.081,0.816,2.614,2.406,2.567,2.999,3.608,2.31,2.838,4.223,3.564,1
1.08101,1.722,4.781,2.242,4.457,4.841,3.645,2.16,3.853,2.759,4.786,1
1.08104,2.757,3.364,3.581,3.335,1.301,3.058,2.427,3.561,3.984,1.428,0
1.08101,4.827,2.707,2.525,4.841,4.022,4.365,2.764,1.07,2.175,0.877,1
1.08104,2.3,2.529,2.658,4.902,2.897,1.246,1.305,3.559,2.822,2.343,0
1.08098,3.55,3.167,0.719,2.731,1.625,3.122,2.583,3.924,4.84,3.839,0
1.08098,3.28,2.784,1.009,3.787,1.386,2.208,3.128,1.692,4.385,2.958,0
1.08099,2.589,1.953,3.087,3.416,3.159,4.729,2.484,2.167,3.874,2.994,1
1.08099,1.71,4.647,1.515,0.837,2.921,4.597,4.346,4.173,3.248,2.8,1
1.08098,2.493,4.249,2.993,4.917,4.1,2.946,3.16,2.38,4.582,4.248,1
1.08102,1.303,4.558,3.547,2.121,3.851,2.397,3.622,2.771,3.339,4.644,0
1.08108,2.242,3.717,3.502,0.928,2.793,1.757,3.416,1.252,1.841,1.634,0
1.08103,1.762,3.045,4.385,3.385,3.409,3.927,2.259,2.426,3.431,1.43,0
1.08103,4.464,0.793,4.62,1.508,1.086,3.277,2.06,1.307,3.236,2.914,0
1.08089,2.915,2.802,3.275,3.998,3.744,3.677,4.224,2.616,3.378,1.007,0
1.08095,3.564,1.556,4.818,1.802,2.711,2.609,4.869,1.192,1.632,3.354,0
1.08098,2.13,2.045,1.093,4.627,2.49,3.104,1.604,4.711,0.976,3.639,0
1.08106,1.963,4.779,2.475,4.276,0.632,1.562,4.939,2.163,0.672,1.668,0
1.08109,2.132,2.873,2.218,1.871,2.635,2.611,1.324,2.831,3.096,3.081,0
1.08108,1.458,4.743,1.03,1.867,2.376,2.357,1.449,4.373,1.862,2.962,0
1.08101,3.242,1.087,2.44,1.097,2.941,3.786,4.344,4.727,1.01,2.564,0
1.08098,4.749,2.725,4.413,0.802,2.249,3.634,4.269,2.729,4.363,3.919,0
1.08093,2.36,3.688,2.824,1.007,4.548,4.3,4.514,1.558,3.996,0.673,0
1.08087,2.774,2.223,2.975,2.452,3.915,3.46,1.75,1.392,1.57,1.969,1
1.08087,2.412,2.769,3.942,4.92,1.675,1.828,2.833,0.531,3.357,0.669,1
1.0808,2.223,4.958,1.905,0.578,0.981,1.582,3.82,3.827,2.092,4.474,1
1.08075,1.234,1.528,3.07,2.898,4.057,1.889,4.558,3.343,3.602,3.085,1
1.08077,4.743,0.568,1.986,1.887,1.647,3.971,3.418,1.105,3.671,4.453,1
1.08085,0.794,0.585,3.207,4.464,2.976,2.777,2.33,3.05,4.606,3.189,0
1.08085,4.476,3.961,2.789,1.858,1.852,4.905,3.379,0.82,2.843,2.423,0
1.08078,3.194,1.775,4.571,2.672,4.228,1.669,4.494,2.958,2.954,2.455,1
1.08086,2.905,2.135,2.559,1.716,2.502,1.686,0.846,2.144,0.623,3.488,0
1.08083,0.927,4.573,1.927,1.722,2.973,1.813,3.757,1.868,4.645,0.688,0
1.08095,3.598,1.685,3.393,2.121,2.787,1.737,2.93,3.419,4.308,1.653,0
1.081,3.065,3.052,4.433,2.661,4.39,4.661,2.337,2.326,4.86,3.108,0
1.08089,3.22,2.832,3.461,1.678,2.201,0.539,3.743,4.207,3.812,4.872,0
1.08087,3.9,0.982,1.946,4.649,0.984,4.451,4.085,1.163,1.443,3.793,0
1.08086,2.883,1.349,4.363,2.911,0.56,2.28,0.547,4.577,4.493,3.731,0
1.08085,0.51,4.721,1.688,3.428,3.936,3.015,1.021,1.605,3.789,1.057,0
1.08074,2.34,1.186,3.426,2.072,4.054,2.143,4.23,4.215,1.302,2.96,0
1.08084,2.505,1.053,4.607,2.039,3.252,0.772,4.778,4.912,3.578,1.088,0
1.08081,2.63,1.483,1.183,4.302,3.219,3.861,3.826,2.306,2.974,1.863,0
1.08074,3.447,2.439,4.028,1.813,2.217,0.869,0.676,1.466,0.576,2.409,1
1.08065,0.692,4.933,0.927,4.236,2.112,1.606,3.248,2.101,0.573,1.088,1
1.08074,3.556,3.738,4.971,1.639,3.962,2.042,2.821,1.753,2.352,4.614,1
1.08074,4.588,2.533,4.158,2.904,2.074,3.741,3.438,2.212,4.991,0.913,1
1.08081,4.324,3.744,3.694,2.632,3.87,0.698,3.516,4.396,2.337,3.832,1
1.08078,3.966,2.679,1.041,2.853,3.889,1.239,2.577,4.256,0.56,4.384,1
1.08071,2.08,2.134,3.644,3.081,1.795,1.201,2.393,4.504,4.977,3.73,1
1.08068,4.613,1.224,1.152,4.297,0.589,2.853,2.313,4.632,3.312,1.513,1
1.08058,0.79,2.626,2.983,2.603,3.116,0.778,2.118,4.234,1.8,1.348,1
1.08065,4.412,2.323,1.983,2.157,4.471,4.589,4.785,4.354,3.56,1.026,1
1.08079,4.74,1.253,3.826,2.107,0.665,3.461,1.647,4.496,1.313,3.504,1
1.08077,1.768,1.892,3.987,3.972,4.71,1.246,1.451,2.181,1.942,1.428,1
1.08078,3.887,0.525,2.917,1.099,1.911,1.814,2.581,4.726,3.813,2.433,1
1.08083,1.347,3.363,3.965,3.758,2.782,3.753,1.997,4.768,3.832,4.104,1
1.08082,2.929,4.632,2.613,4.78,2.496,4.779,1.929,2.823,3.022,2.974,1
1.08089,1.318,3.676,2.866,2.32,1.021,4.593,4.95,3.759,3.07,0.872,1
1.08079,1.945,1.981,0.889,2.188,2.149,2.359,0.81,1.094,4.782,2.996,1
1.0808,2.134,2.684,1.297,3.85,4.698,3.327,4.818,4.167,2.917,2.849,1
1.08087,3.609,2.153,0.843,2.534,4.176,3.536,0.68,4.218,0.711,2.834,1
1.08089,1.54,3.268,3.699,4.479,2.776,0.771,0.671,0.883,1.076,1.291,1
1.08094,1.833,1.176,4.328,2.118,2.658,4.03,1.313,2.755,0.685,2.682,1
1.08101,1.86,3.35,2.759,2.74,3.364,3.7,4.507,4.896,4.826,4.147,1
1.08098,3.572,4.099,1.373,1.389,4.293,2.46,0.593,3.852,1.103,1.725,1
1.08101,4.22,1.7,4.072,2.216,3.03,3.577,3.73,1.433,3.52,1.248,1
1.08099,1.601,4.002,1.188,2.363,1.013,3.121,1.289,2.125,4.905,2.504,1
1.08098,1.682,0.977,3.289,1.194,1.296,1.144,3.832,3.435,1.814,1.916,1
1.08098,1.743,2.965,3.063,1.097,1.19,3.319,1.759,3.496,1.29,0.942,1
1.08109,2.915,0.588,2.103,3.342,1.484,4.243,0.522,2.866,3.086,1.348,0
1.08115,4.942,2.958,1.089,3.898,0.627,3.569,4.257,3.374,0.604,0.788,0
1.08121,1.713,4.677,4.161,0.982,4.483,0.562,1.96,1.441,1.446,2.749,1
1.0811,0.706,4.845,1.446,3.57,2.083,4.628,3.022,2.733,3.922,3.029,1
1.08106,4.099,3.328,2.587,4.948,2.59,3.836,1.236,2.118,3.339,1.664,1
1.08107,4.983,4.957,3.403,3.736,1.72,3.975,4.373,2.566,3.045,3.445,1
1.08107,1.32,2.864,3.366,4.351,1.705,1.255,2.388,1.236,1.665,2.701,1
1.08109,3.582,0.975,1.282,2.62,2.845,1.292,3.471,3.041,4.834,4.793,1
1.08107,2.849,1.721,1.754,0.841,3.61,3.454,1.736,1.538,4.966,2.987,1
1.08105,3.638,1.606,4.74,3.734,2.79,1.004,2.464,0.612,1.446,4.018,1
1.08109,2.037,4.855,1.24,2.373,2.896,0.705,3.034,0.815,1.938,1.951,1
1.08112,4.987,2.471,1.846,1.982,1.85,1.229,1.922,3.612,2.087,1.532,1
1.08123,1.842,1.718,4.316,4.861,2.978,0.812,4.262,3.933,0.578,1.795,1
1.08125,4.258,2.641,1.295,4.932,1.455,1.312,3.625,4.941,3.682,0.589,1
1.0813,3.492,4.817,1.02,3.508,3.538,0.633,4.562,1.911,2.185,4.066,1
1.0813,2.945,3.318,0.76,3.301,1.172,4.208,3.984,3.42,3.402,4.894,1
1.08135,2.12,0.556,5.0,0.788,0.694,3.177,4.965,2.504,1.441,0.586,0
1.08126,1.226,2.131,2.07,1.711,4.455,4.997,4.903,1.383,3.637,1.238,0
1.08119,1.919,4.028,1.488,4.112,3.947,3.331,0.843,1.047,4.128,4.814,1
1.08121,1.578,3.499,3.911,4.41,1.112,1.422,0.783,3.619,2.111,3.641,0
1.08125,1.727,2.473,3.156,4.778,1.362,4.024,0.726,1.297,3.635,0.874,0
1.08133,4.285,4.499,1.487,3.68,3.42,4.9,2.729,2.156,4.452,1.701,0
1.08139,2.333,4.26,3.905,1.329,3.465,4.949,2.301,3.011,3.452,3.739,0
1.08135,2.257,2.213,1.297,3.317,1.986,4.04,0.698,3.917,1.221,4.409,1
1.08138,0.947,1.447,1.435,4.904,4.129,0.607,0.539,3.016,2.546,2.986,1
1.08133,4.286,4.269,1.107,4.859,2.566,2.615,1.18,1.575,1.338,1.764,1
1.08128,1.712,0.998,0.811,4.599,2.473,2.535,1.089,4.927,0.557,4.03,1
1.08126,0.695,1.797,2.687,2.549,3.669,3.066,3.658,0.801,1.819,1.735,1
1.0812,0.986,1.078,0.774,0.747,3.412,4.837,3.171,1.389,3.249,2.728,1
1.08121,1.774,4.118,1.683,1.877,0.705,1.589,4.652,2.657,3.781,2.705,1
1.0812,2.791,1.888,2.818,0.613,2.244,1.02,2.653,2.887,4.6,4.426,1
1.08126,4.52,2.502,1.827,4.314,1.036,2.208,0.778,4.157,3.853,4.668,1
1.08131,3.638,2.951,2.496,4.125,2.627,4.757,4.664,2.153,2.924,2.433,1
1.08142,4.556,4.343,2.303,2.155,1.928,3.489,3.493,3.294,2.845,3.522,1
1.0815,3.621,3.783,4.167,1.515,4.669,4.861,3.292,4.194,1.386,1.345,0
1.0815,1.479,2.901,4.52,2.075,4.7,4.238,0.7,0.633,4.991,2.749,1
1.08152,1.867,0.568,4.4,4.692,2.297,3.474,0.552,4.728,3.251,4.9,1
1.08139,3.598,2.118,1.307,2.815,4.39,2.904,2.926,1.49,1.162,1.572,1
1.08137,4.739,1.722,1.527,3.833,4.721,1.561,1.844,2.366,0.773,0.917,1
1.08144,2.982,1.606,1.551,4.125,2.668,3.038,3.452,3.841,4.645,4.866,1
1.08152,0.612,1.037,1.652,1.083,1.186,1.55,4.156,4.04,2.756,2.974,0
1.08159,3.865,3.159,0.847,2.569,1.412,2.618,4.899,1.386,1.952,3.118,0
1.08156,2.277,2.744,4.684,0.723,4.506,3.007,4.623,2.257,3.427,0.605,0
1.08151,1.501,3.42,1.983,2.83,4.923,3.022,3.511,3.039,1.635,4.937,1
1.0815,2.413,2.366,1.428,2.425,0.827,4.734,2.844,1.79,2.966,3.161,1
1.08151,2.251,4.142,2.549,4.653,3.949,3.617,1.232,3.668,4.907,4.159,0
1.08156,0.509,3.492,4.489,3.589,3.487,2.94,3.786,2.96,4.096,1.201,1
1.08158,2.618,3.331,0.809,3.031,4.619,0.894,3.804,3.735,4.504,4.849,1
1.08152,2.635,2.48,3.208,2.02,4.094,2.959,2.457,2.818,3.691,4.263,1
1.08145,4.168,3.69,1.6,0.501,1.043,0.879,2.782,0.847,2.63,3.902,1
1.08133,2.118,2.681,1.692,1.089,3.1,1.058,1.165,1.806,3.777,4.905,1
1.08138,1.477,1.583,4.863,3.113,4.085,4.996,3.468,1.613,4.918,4.516,1
1.08155,3.418,1.544,2.634,1.857,3.987,2.299,0.886,4.502,1.99,1.283,1
1.08155,3.648,1.086,3.223,2.5,1.046,4.797,3.62,0.751,4.548,3.402,0
1.0816,1.266,1.913,1.276,4.15,4.763,3.08,3.497,4.894,2.844,2.483,0
1.0815,1.764,4.937,1.05,1.356,4.33,0.621,1.392,2.88,1.565,2.231,1
1.0816,0.836,1.803,0.958,3.631,1.478,2.995,0.65,3.048,2.041,4.586,0
1.08161,1.372,1.833,4.409,0.775,2.708,2.684,1.809,1.256,2.744,0.632,0
1.08167,2.2,1.661,3.697,2.37,3.24,3.154,3.699,4.694,3.025,3.624,0
1.08167,3.005,0.843,4.254,2.88,0.677,3.843,2.756,4.763,2.377,2.62,0
1.08179,3.966,2.501,2.441,3.812,4.538,2.561,3.661,3.026,2.982,1.462,0
1.0817,1.768,1.648,4.928,0.616,1.486,1.415,4.171,3.521,1.888,0.98,0
1.08165,3.387,3.716,3.192,0.634,4.078,4.419,1.253,2.223,4.926,4.894,0
1.08155,4.176,4.293,1.208,4.438,4.202,1.4,4.604,4.161,4.622,4.541,0
1.08158,4.126,1.279,2.067,4.051,4.236,2.298,2.357,3.632,4.981,3.326,0
1.08161,2.061,1.58,1.342,3.251,3.74,1.501,3.848,3.22,3.077,2.868,0
1.0816,2.92,3.479,4.494,4.878,3.415,1.222,4.365,2.364,4.835,4.749,0
1.0816,0.906,0.734,0.722,3.539,2.714,3.307,1.962,3.169,0.928,1.429,1
1.0816,1.012,3.422,4.925,4.71,4.468,3.71,0.536,1.202,3.12,2.895,1
1.08155,4.267,0.638,3.315,0.824,3.898,0.902,2.69,3.975,4.933,4.086,1
1.08156,3.374,2.936,2.726,3.18,2.502,2.204,3.933,3.411,4.888,4.671,1
1.08151,4.103,0.995,2.766,2.736,4.055,4.594,1.386,0.547,4.414,4.892,1
1.08146,2.234,2.228,3.367,3.613,4.554,2.142,2.725,2.528,4.937,2.827,1
1.08154,4.631,4.859,0.629,3.972,1.003,2.739,3.335,0.854,3.103,3.613,1
1.08149,2.283,1.186,1.648,4.736,3.366,2.935,4.124,4.265,3.902,2.303,1
1.08156,2.931,1.951,0.79,4.661,0.861,2.175,4.334,1.896,4.602,0.596,1
1.0816,3.361,4.069,4.534,4.188,1.335,4.963,0.708,2.6,2.069,0.608,1
1.08166,1.414,4.972,4.865,2.05,5.0,3.823,0.648,3.212,1.422,1.751,0
1.08165,2.085,0.526,1.946,1.866,1.011,0.937,2.33,0.868,4.713,1.66,0
1.0816,2.153,0.787,4.155,1.351,0.844,2.169,4.606,4.631,2.6,3.112,1
1.08173,3.894,1.608,4.28,1.22,2.673,1.789,3.054,1.629,2.946,1.65,0
1.08179,0.57,1.01,4.049,2.514,2.806,3.469,1.649,1.347,2.336,3.882,0
1.08178,3.232,1.647,4.766,3.38,4.116,2.161,3.104,3.697,2.895,3.923,0
1.08171,1.724,4.031,1.932,2.819,1.145,2.316,4.489,0.636,1.347,2.94,1
1.08166,3.59,3.739,3.212,1.191,2.949,1.763,0.525,2.782,4.887,2.6,1
1.08157,3.921,3.305,0.668,2.97,4.948,3.442,1.839,4.573,3.512,4.697,1
1.08162,2.605,2.886,1.937,4.34,1.074,4.952,2.027,2.479,3.24,1.9,1
1.08155,3.236,0.747,4.413,0.974,4.43,4.363,4.04,3.877,1.34,3.056,1
1.08165,4.046,1.448,2.492,0.909,3.504,3.641,0.77,3.257,4.454,1.303,1
1.08169,4.584,1.728,0.574,0.877,3.906,1.366,4.369,2.46,0.873,4.174,1
1.08168,0.517,1.859,2.577,2.731,3.121,0.865,0.513,4.492,2.412,3.755,1
1.08171,4.527,3.174,3.834,1.494,1.453,2.809,4.938,4.871,1.542,3.354,1
1.08169,1.766,4.98,2.226,2.588,0.888,4.316,0.885,4.23,1.579,1.56,1
1.08175,0.689,2.091,4.801,2.126,1.994,3.847,1.535,3.907,4.85,4.353,1
1.08186,4.051,4.075,3.103,0.981,3.545,3.113,2.686,3.952,1.322,2.191,1
1.08189,3.344,4.536,4.957,4.49,1.682,2.398,2.862,2.571,0.856,2.147,1
1.08195,4.457,4.512,2.815,4.625,4.894,0.543,3.158,4.793,1.896,2.133,1
1.08192,1.183,4.468,3.036,3.164,3.186,4.538,2.826,2.975,2.512,2.01,1
1.08201,2.725,0.904,3.376,0.698,2.622,1.451,2.263,1.495,1.51,2.469,0
1.08199,1.04,1.633,3.739,0.957,4.309,2.351,1.455,3.977,2.194,2.153,0
1.08204,4.718,2.724,2.458,3.154,0.903,1.181,4.38,3.34,1.935,4.381,0
1.08204,1.811,2.509,4.032,4.334,1.763,4.919,1.445,1.697,2.814,3.029,0
1.08197,4.008,1.632,2.458,3.541,4.508,1.645,2.098,2.615,1.705,2.805,0
1.08195,4.73,1.551,4.239,4.5,2.7,2.08,1.031,2.972,4.301,2.218,0
1.08194,1.208,3.035,3.949,2.796,1.818,3.193,2.014,3.51,4.081,4.109,0
1.08207,3.982,1.058,1.714,3.506,3.363,4.519,2.481,0.772,0.832,0.719,0
1.08201,0.668,4.588,0.792,2.067,3.986,3.578,1.484,4.83,2.513,4.203,0
1.082,2.399,3.412,4.802,0.766,3.055,3.158,4.853,3.206,1.678,1.123,0
1.08196,2.078,4.814,1.322,1.422,3.513,2.767,4.588,1.974,3.912,2.365,0
1.08195,4.974,4.634,1.372,2.172,2.634,2.616,3.162,3.608,1.172,3.422,0
1.08198,1.713,1.636,3.234,1.042,1.451,1.855,3.599,3.841,2.946,1.167,0
1.08192,2.092,0.772,4.985,2.573,4.271,1.608,1.742,1.146,2.245,3.585,1
1.08186,1.078,1.726,3.963,1.295,4.962,4.269,1.261,0.513,4.21,0.693,1
1.08184,3.512,2.762,2.355,3.118,0.578,3.876,4.284,0.669,1.768,4.279,1
1.08186,4.121,4.955,4.946,1.373,1.096,0.546,1.032,1.977,4.821,3.9,1
1.08189,1.314,2.285,2.969,1.21,0.76,1.36,1.849,0.669,4.886,4.881,1
1.08182,2.992,4.255,2.348,4.641,4.806,1.747,3.103,4.802,1.869,4.963,1
1.08183,2.753,3.52,0.93,2.279,3.454,1.422,4.867,2.285,3.052,4.003,1
1.08179,3.798,3.991,1.931,2.026,3.124,2.512,2.627,3.049,3.913,1.144,1
1.08189,1.455,1.068,2.832,1.428,4.686,1.427,2.514,3.955,1.773,0.859,0
1.0819,2.072,4.754,1.199,1.865,2.725,2.004,1.831,0.965,2.775,3.87,0
1.082,2.162,4.929,3.299,2.131,2.147,1.752,0.928,2.625,2.904,4.08,0
1.08201,4.584,2.122,3.762,4.448,1.761,1.299,4.012,1.861,2.76,0.504,0
1.08202,3.123,2.483,1.442,1.367,4.67,4.545,1.898,1.928,2.026,2.054,0
1.0819,0.574,2.134,2.968,3.249,2.0,3.745,2.428,1.176,4.599,1.432,0
1.08201,3.669,4.683,1.263,3.902,4.002,2.059,4.624,1.123,2.835,4.905,0
1.08188,2.307,3.416,2.686,3.694,3.806,3.734,3.919,1.461,3.438,4.074,0
1.08186,3.858,1.302,2.974,0.566,4.869,3.417,1.605,3.21,1.907,3.008,0
1.08189,4.92,3.466,2.921,2.82,1.182,0.651,4.501,4.883,4.233,1.349,0
1.08176,3.316,1.38,1.951,4.059,4.691,0.555,4.007,3.697,3.641,1.164,1
1.0817,1.417,1.266,2.653,1.265,1.683,1.205,1.454,0.959,2.356,2.022,1
1.08179,1.13,1.301,2.315,0.82,1.836,0.701,3.826,1.049,2.611,1.114,1
1.08171,3.67,0.885,1.379,1.244,4.483,0.875,3.933,3.966,4.252,2.415,1
1.08155,2.38,2.083,3.437,2.676,3.676,2.469,4.292,3.196,1.716,2.398,1
1.08157,0.711,2.307,2.432,3.228,0.965,3.523,1.1,1.749,1.908,0.832,1
1.08171,4.995,0.775,4.563,3.586,4.683,3.167,2.965,2.506,2.971,1.986,1
1.08175,4.072,4.897,4.586,3.222,1.421,3.015,1.231,4.368,3.899,2.193,1
1.08183,1.954,4.502,2.463,0.85,3.506,2.398,1.028,4.352,1.444,1.36,1
1.08178,1.999,2.527,4.685,3.158,2.444,4.241,4.671,4.626,0.614,4.124,1
1.08177,3.99,3.704,3.773,3.463,1.432,4.689,4.075,1.581,2.899,1.346,1
1.08178,1.131,0.538,3.279,3.27,4.586,0.623,1.897,1.04,4.615,4.125,1
1.08187,1.186,2.622,3.599,3.29,2.673,2.929,1.447,0.778,1.209,2.787,1
1.08196,1.816,0.558,3.408,3.488,3.848,2.507,4.62,3.543,4.702,4.077,1
1.08206,1.732,2.439,1.429,3.343,2.246,2.574,2.151,1.294,3.154,3.766,1
1.08204,3.266,3.304,2.969,4.229,4.736,3.933,3.195,4.725,3.035,2.829,1
1.08207,1.428,1.95,2.137,1.697,1.732,1.325,0.967,3.003,2.462,4.115,1
1.08205,4.597,0.995,3.462,4.668,0.872,1.121,0.593,1.303,4.761,4.457,1
1.0819,1.142,0.52,0.981,4.394,1.954,3.065,2.118,2.393,3.359,4.732,1
1.08196,3.712,4.042,3.322,1.763,0.621,1.531,3.02,4.526,3.148,3.188,1
1.08199,2.224,3.876,4.865,2.634,3.394,2.889,1.642,4.581,0.836,2.391,1
1.08206,2.255,1.438,2.176,3.865,3.567,3.292,4.776,2.159,1.78,3.298,1
1.08202,4.684,3.679,4.358,4.229,0.6,3.371,1.607,3.565,4.043,4.124,1
1.08205,1.209,4.227,3.671,3.015,2.969,3.815,2.543,1.31,4.793,3.982,1
1.0821,2.729,3.03,1.432,1.552,0.743,3.486,4.159,1.68,1.375,2.445,1
1.08208,1.612,1.668,2.323,4.366,3.706,1.024,1.13,0.732,3.51,3.443,1
1.08219,1.248,1.771,4.333,0.722,3.792,4.227,3.444,1.933,3.829,4.649,1
1.0821,3.204,4.682,4.882,3.489,2.696,1.058,2.694,2.405,3.558,2.686,1
1.08207,1.587,1.397,3.872,3.069,3.964,1.369,2.506,1.024,1.278,2.071,1
1.08205,0.975,2.808,0.918,4.485,0.965,4.354,1.921,2.112,0.942,3.319,1
1.08221,0.825,3.506,2.898,1.738,3.424,3.69,0.793,4.609,4.439,4.093,1
1.08226,1.08,2.442,4.628,3.558,0.991,3.878,4.136,2.573,3.418,4.421,1
1.08223,2.407,4.05,3.066,4.035,4.313,1.164,1.348,3.14,2.064,1.838,1
1.0823,4.99,2.339,1.468,2.176,3.201,0.619,1.265,2.863,2.139,3.627,1
1.0823,1.083,0.782,4.605,3.878,3.396,3.213,1.366,1.17,2.502,3.575,1
1.08223,0.858,4.768,1.577,2.251,4.123,4.76,2.155,2.529,4.278,2.698,1
1.08224,1.034,1.476,2.021,0.513,0.785,4.522,4.252,4.228,1.866,2.068,1
1.08226,2.448,2.136,3.846,3.584,4.973,4.849,3.231,4.629,3.19,1.428,1
1.08226,2.788,1.708,4.592,4.107,0.96,3.421,3.398,3.97,1.158,3.12,1
1.08231,2.126,2.101,2.338,2.816,1.0,2.873,0.838,3.653,0.662,2.679,1
1.08235,0.516,4.018,4.742,3.853,2.551,2.582,3.899,0.845,2.099,2.662,1
1.08239,2.079,1.126,3.15,2.462,1.065,2.906,1.516,3.059,1.935,3.731,1
1.08245,3.192,0.512,2.013,3.914,2.017,3.968,4.378,4.666,3.883,2.417,1
1.08242,1.824,1.679,4.09,4.032,3.337,3.935,2.436,3.379,2.104,0.563,1
1.08243,2.853,4.448,2.739,4.562,2.24,1.642,1.216,2.435,1.894,0.995,1
1.08236,4.011,2.393,1.557,2.734,1.998,3.286,1.763,3.299,3.951,1.761,1
1.08251,1.497,3.052,3.078,4.466,4.157,2.577,2.722,4.045,3.089,1.044,1
1.08249,3.515,4.011,3.361,0.746,2.323,0.579,3.575,3.887,1.403,3.72,1
1.08251,0.723,1.151,4.67,1.474,3.419,4.705,3.949,2.55,2.428,2.309,0
1.08257,2.841,3.937,2.657,1.562,1.662,1.033,3.737,2.753,2.234,4.891,0
1.08267,2.14,2.1,1.501,1.751,1.617,2.801,2.389,2.614,4.26,2.079,0
1.08261,4.764,3.183,4.688,2.125,1.37,1.435,4.186,1.013,1.807,4.316,0
1.08256,0.782,3.665,2.268,1.503,4.756,4.368,1.457,1.095,2.997,0.83,0
1.08261,1.923,0.749,2.697,3.024,1.071,3.652,2.81,4.194,4.638,4.419,0
1.08259,2.475,2.062,3.368,2.333,2.548,1.611,1.17,0.962,3.353,4.605,0
1.08265,1.422,0.887,0.972,4.194,2.058,2.158,1.381,3.653,1.361,4.791,0
1.08264,0.605,4.671,2.344,2.495,2.756,1.57,4.623,2.835,2.951,4.424,0
1.08257,1.034,1.847,1.456,2.804,1.678,4.538,1.442,2.25,2.322,1.929,0
1.08247,3.691,2.717,4.082,2.085,4.263,4.254,2.314,4.717,4.674,1.51,0
1.08234,1.529,4.406,1.864,4.193,2.198,4.749,4.447,2.208,0.556,3.286,0
1.0823,3.049,1.832,4.621,2.383,2.88,1.513,3.79,2.909,1.157,4.728,0
1.0823,3.752,2.39,4.125,2.415,2.994,3.736,4.434,1.237,1.004,2.661,0
1.08233,1.191,4.076,2.034,2.104,0.884,1.731,2.131,1.694,1.45,1.768,0
1.08233,2.772,3.42,0.598,4.185,3.909,1.601,0.763,0.828,4.433,0.689,0
1.08229,3.235,3.136,3.462,2.52,2.529,2.587,3.907,0.954,1.709,2.722,0
1.08222,2.267,4.856,1.463,4.646,0.576,4.16,0.961,1.798,2.411,4.594,0
1.08226,1.096,2.792,4.058,2.696,3.751,4.996,4.112,1.626,1.965,2.97,0
1.08226,4.315,4.012,3.243,3.702,4.421,4.1,1.272,1.517,2.33,4.84,0
1.08208,1.914,4.161,1.826,3.686,4.424,4.952,3.071,3.182,1.257,4.328,0
1.08209,4.375,2.852,2.577,1.36,4.655,3.59,4.39,2.256,2.664,2.802,0
1.08212,0.914,0.588,3.175,2.112,4.289,3.934,3.509,3.086,1.586,3.119,0
1.08209,2.594,0.813,3.529,2.446,1.481,3.696,4.093,1.48,0.532,3.128,0
1.08205,4.784,0.893,4.111,3.226,3.672,0.558,2.283,0.694,4.764,4.946,1
1.08203,3.985,1.09,4.93,2.238,2.429,0.553,0.864,4.669,1.38,2.764,1
1.08195,3.766,3.785,2.487,3.611,4.255,1.415,2.233,3.093,3.616,3.056,1
1.08199,2.108,4.398,3.275,1.72,3.05,1.834,4.851,3.625,4.458,2.259,1
1.082,1.089,4.048,1.314,4.335,3.955,4.388,3.075,3.396,0.629,1.757,1
1.08202,2.897,0.781,2.726,1.204,1.347,4.104,4.94,3.344,3.265,1.306,1
1.08204,2.411,4.506,0.824,2.204,1.593,1.504,1.177,3.799,2.024,4.935,1
1.08199,2.139,3.967,0.77,4.927,1.615,3.829,1.954,0.578,2.924,1.067,1
1.08208,4.021,1.467,0.724,2.924,3.134,3.387,3.711,0.727,4.572,4.134,0
1.08208,1.808,1.422,4.47,1.713,2.286,1.44,3.79,1.044,2.595,3.892,0
1.08208,2.128,1.518,2.806,1.355,3.773,4.162,1.558,0.727,2.178,0.551,0
1.08217,3.168,2.854,3.148,2.128,2.932,3.266,4.315,1.831,1.162,2.5,0
1.08204,0.72,1.903,2.796,4.348,3.147,4.942,4.033,4.932,4.469,1.98,1
1.08208,3.827,2.333,4.193,3.402,4.184,0.508,4.277,4.455,1.552,4.28,1
1.08217,1.686,4.323,4.25,4.236,0.928,1.377,2.967,1.574,2.211,4.818,1
1.08221,1.255,4.005,3.059,0.54,4.821,1.324,0.884,4.482,4.218,0.953,1
1.08219,3.095,4.743,4.982,4.587,4.276,4.715,2.296,3.697,4.35,4.191,1
1.08208,3.909,4.651,4.579,4.43,1.335,2.029,2.724,0.517,1.775,4.423,1
1.08201,4.889,2.708,2.826,1.003,2.916,4.697,1.888,3.453,4.175,2.548,1
1.08192,1.298,2.023,1.54,0.788,1.596,4.242,3.869,2.314,1.014,2.809,1
1.08196,1.788,3.334,4.354,2.125,1.971,4.222,4.356,3.62,2.009,4.668,1
1.08214,3.75,0.778,1.263,4.083,4.706,0.943,3.285,4.359,3.5,4.676,1
1.08222,4.451,1.296,0.883,4.517,1.609,4.444,4.804,2.24,3.949,1.446,1
1.08218,3.321,1.14,2.416,0.609,4.901,3.269,2.021,1.513,4.027,2.709,1
1.08218,3.048,0.688,2.144,2.599,4.281,1.419,0.722,2.921,1.478,0.672,1
1.08224,2.422,1.692,3.669,0.725,1.822,2.73,1.599,4.849,2.024,2.552,1
1.08228,4.777,2.839,1.551,2.643,4.96,4.241,1.898,0.83,4.664,1.848,1
1.08234,3.935,2.173,4.114,4.72,3.525,4.468,3.151,0.882,3.548,1.649,0
1.08238,4.138,4.538,2.597,3.672,0.719,3.088,3.469,4.634,0.813,1.385,0
1.08238,2.524,4.871,0.819,4.417,1.005,1.59,3.46,0.732,3.944,1.888,0
1.08229,4.082,3.201,1.651,4.06,4.632,4.058,0.921,2.49,0.803,2.52,1
1.08228,4.404,3.852,4.071,0.752,2.684,2.373,3.765,4.49,0.533,4.381,1
1.08236,1.988,0.648,3.287,2.908,4.823,4.115,2.609,4.008,4.506,2.823,1
1.08232,4.329,3.704,3.283,1.236,3.78,3.197,3.755,2.567,0.671,1.645,1
1.0824,3.164,1.201,1.965,2.343,1.142,1.766,2.523,4.607,3.735,0.959,0
1.08231,0.5,3.687,3.731,1.629,0.561,1.891,1.977,3.49,0.843,1.249,1
1.08239,3.747,0.679,3.176,2.173,2.01,2.339,2.033,4.074,4.619,3.064,0
1.08234,0.989,2.609,0.621,3.9,4.523,1.112,2.402,3.297,2.895,0.744,0
1.08222,2.339,2.023,3.212,4.518,0.853,2.932,2.578,2.24,1.366,2.531,1
1.08229,1.825,4.424,1.595,1.451,1.346,3.773,4.282,4.409,2.821,3.371,0
1.08236,2.103,2.91,1.007,4.426,2.413,2.663,0.963,2.811,1.382,4.927,0
1.08241,0.852,1.407,2.759,0.805,3.352,3.199,3.947,2.037,3.36,2.019,0
1.08244,3.594,4.944,1.303,3.566,4.088,1.615,0.724,2.803,2.797,3.25,0
1.08244,4.128,3.706,1.602,1.543,2.537,4.36,4.438,2.892,2.88,2.727,0
1.08239,3.864,0.6,3.686,2.821,3.033,4.347,0.986,2.803,4.781,1.603,0
1.08235,3.956,3.376,1.127,1.125,2.061,2.5,4.089,4.743,2.987,0.905,0
1.08231,2.565,4.749,0.851,2.488,1.699,3.408,1.452,0.702,1.339,2.862,0
1.0822,1.457,3.429,4.67,0.616,2.711,1.435,2.235,1.663,3.912,1.657,1
1.08226,4.924,1.43,1.826,3.375,1.058,1.276,2.003,3.485,4.196,3.154,0
